Workbook

Sheet Day01 Part1
C1: Part 1 | D1: Part 2 | F1: Start dial position | G1: 50
A2: =LEFT(Input!A1,1) -> L | B2: =RIGHT(Input!A1, LEN(Input!A1) - 1) -> 44 | C2: =IF($A2="L", MOD($G$1-$B$2, 100), MOD($G$1+$B$2, 100)) -> 6 | D2: =IF($A2="L", MOD($G$1-$B$2, 100), MOD($G$1+$B$2, 100)) -> 6 | E2: =IF(A2="L",QUOTIENT(B2+(100-$G$1),100),QUOTIENT($G$1+B2,100)) -> 0
A3: =LEFT(Input!A2,1) -> R | B3: =RIGHT(Input!A2, LEN(Input!A2) - 1) -> 35 | C3: =IF($A3="L", MOD($C2-$B3, 100), MOD($C2+$B3, 100)) -> 41 | D3: =IF($A3="L", MOD($D2-$B3, 100), MOD($D2+$B3, 100)) -> 41 | E3: =IF(A3="L", IF(D2=0,QUOTIENT(B3+100-D2,100)-1,QUOTIENT(B3+100-D2,100)), QUOTIENT(B3+D2,100)) -> 0 | F3: Part 1 result: | G3: =COUNTIFS(C2:C4413,"=0") -> 1055
A4: =LEFT(Input!A3,1) -> R | B4: =RIGHT(Input!A3, LEN(Input!A3) - 1) -> 4 | C4: =IF(A4="L", MOD(C3-B4, 100), MOD(C3+B4, 100)) -> 45 | D4: =IF($A4="L", MOD($D3-$B4, 100), MOD($D3+$B4, 100)) -> 45 | E4: =IF(A4="L", IF(D3=0,QUOTIENT(B4+100-D3,100)-1,QUOTIENT(B4+100-D3,100)), QUOTIENT(B4+D3,100)) -> 0 | F4: Part 2 result: | G4: =SUM(E2:E4413) -> 6386
A5: =LEFT(Input!A4,1) -> L | B5: =RIGHT(Input!A4, LEN(Input!A4) - 1) -> 40 | C5: =IF(A5="L", MOD(C4-B5, 100), MOD(C4+B5, 100)) -> 5 | D5: =IF($A5="L", MOD($D4-$B5, 100), MOD($D4+$B5, 100)) -> 5 | E5: =IF(A5="L", IF(D4=0,QUOTIENT(B5+100-D4,100)-1,QUOTIENT(B5+100-D4,100)), QUOTIENT(B5+D4,100)) -> 0
A6: =LEFT(Input!A5,1) -> L | B6: =RIGHT(Input!A5, LEN(Input!A5) - 1) -> 13 | C6: =IF(A6="L", MOD(C5-B6, 100), MOD(C5+B6, 100)) -> 92 | D6: =IF($A6="L", MOD($D5-$B6, 100), MOD($D5+$B6, 100)) -> 92 | E6: =IF(A6="L", IF(D5=0,QUOTIENT(B6+100-D5,100)-1,QUOTIENT(B6+100-D5,100)), QUOTIENT(B6+D5,100)) -> 1
A7: =LEFT(Input!A6,1) -> L | B7: =RIGHT(Input!A6, LEN(Input!A6) - 1) -> 7 | C7: =IF(A7="L", MOD(C6-B7, 100), MOD(C6+B7, 100)) -> 85 | D7: =IF($A7="L", MOD($D6-$B7, 100), MOD($D6+$B7, 100)) -> 85 | E7: =IF(A7="L", IF(D6=0,QUOTIENT(B7+100-D6,100)-1,QUOTIENT(B7+100-D6,100)), QUOTIENT(B7+D6,100)) -> 0 | J7: L68 | K7: =LEFT(J7,1) -> L | L7: =RIGHT(J7, LEN(J7) - 1) -> 68 | M7: =IF($K7="L", MOD($G$1-$L$7, 100), MOD($G$1+$L$7, 100)) -> 82 | N7: =IF(K7="L", QUOTIENT(L7+(100-$G$1), 100), QUOTIENT(G1+L7,100)) -> 1 | P7: 1
A8: =LEFT(Input!A7,1) -> L | B8: =RIGHT(Input!A7, LEN(Input!A7) - 1) -> 33 | C8: =IF(A8="L", MOD(C7-B8, 100), MOD(C7+B8, 100)) -> 52 | D8: =IF($A8="L", MOD($D7-$B8, 100), MOD($D7+$B8, 100)) -> 52 | E8: =IF(A8="L", IF(D7=0,QUOTIENT(B8+100-D7,100)-1,QUOTIENT(B8+100-D7,100)), QUOTIENT(B8+D7,100)) -> 0 | J8: L30 | K8: =LEFT(J8,1) -> L | L8: =RIGHT(J8, LEN(J8) - 1) -> 30 | M8: =IF($K8="L", MOD($M7-$L8, 100), MOD($M7+$L8, 100)) -> 52 | N8: =IF(K8="L", IF(M7=0,QUOTIENT(L8+100-M7,100)-1,QUOTIENT(L8+100-M7,100)), QUOTIENT(L8+M7,100)) -> 0 | P8: 0
A9: =LEFT(Input!A8,1) -> L | B9: =RIGHT(Input!A8, LEN(Input!A8) - 1) -> 8 | C9: =IF(A9="L", MOD(C8-B9, 100), MOD(C8+B9, 100)) -> 44 | D9: =IF($A9="L", MOD($D8-$B9, 100), MOD($D8+$B9, 100)) -> 44 | E9: =IF(A9="L", IF(D8=0,QUOTIENT(B9+100-D8,100)-1,QUOTIENT(B9+100-D8,100)), QUOTIENT(B9+D8,100)) -> 0 | J9: R48 | K9: =LEFT(J9,1) -> R | L9: =RIGHT(J9, LEN(J9) - 1) -> 48 | M9: =IF($K9="L", MOD($M8-$L9, 100), MOD($M8+$L9, 100)) -> 0 | N9: =IF(K9="L", IF(M8=0,QUOTIENT(L9+100-M8,100)-1,QUOTIENT(L9+100-M8,100)), QUOTIENT(L9+M8,100)) -> 1 | P9: 1
A10: =LEFT(Input!A9,1) -> L | B10: =RIGHT(Input!A9, LEN(Input!A9) - 1) -> 44 | C10: =IF(A10="L", MOD(C9-B10, 100), MOD(C9+B10, 100)) -> 0 | D10: =IF($A10="L", MOD($D9-$B10, 100), MOD($D9+$B10, 100)) -> 0 | E10: =IF(A10="L", IF(D9=0,QUOTIENT(B10+100-D9,100)-1,QUOTIENT(B10+100-D9,100)), QUOTIENT(B10+D9,100)) -> 1 | J10: L5 | K10: =LEFT(J10,1) -> L | L10: =RIGHT(J10, LEN(J10) - 1) -> 5 | M10: =IF($K10="L", MOD($M9-$L10, 100), MOD($M9+$L10, 100)) -> 95 | N10: =IF(K10="L", IF(M9=0,QUOTIENT(L10+100-M9,100)-1,QUOTIENT(L10+100-M9,100)), QUOTIENT(L10+M9,100)) -> 0 | P10: 0
A11: =LEFT(Input!A10,1) -> L | B11: =RIGHT(Input!A10, LEN(Input!A10) - 1) -> 39 | C11: =IF(A11="L", MOD(C10-B11, 100), MOD(C10+B11, 100)) -> 61 | D11: =IF($A11="L", MOD($D10-$B11, 100), MOD($D10+$B11, 100)) -> 61 | E11: =IF(A11="L", IF(D10=0,QUOTIENT(B11+100-D10,100)-1,QUOTIENT(B11+100-D10,100)), QUOTIENT(B11+D10,100)) -> 0 | J11: R60 | K11: =LEFT(J11,1) -> R | L11: =RIGHT(J11, LEN(J11) - 1) -> 60 | M11: =IF($K11="L", MOD($M10-$L11, 100), MOD($M10+$L11, 100)) -> 55 | N11: =IF(K11="L", IF(M10=0,QUOTIENT(L11+100-M10,100)-1,QUOTIENT(L11+100-M10,100)), QUOTIENT(L11+M10,100)) -> 1 | P11: 1
A12: =LEFT(Input!A11,1) -> L | B12: =RIGHT(Input!A11, LEN(Input!A11) - 1) -> 45 | C12: =IF(A12="L", MOD(C11-B12, 100), MOD(C11+B12, 100)) -> 16 | D12: =IF($A12="L", MOD($D11-$B12, 100), MOD($D11+$B12, 100)) -> 16 | E12: =IF(A12="L", IF(D11=0,QUOTIENT(B12+100-D11,100)-1,QUOTIENT(B12+100-D11,100)), QUOTIENT(B12+D11,100)) -> 0 | J12: L55 | K12: =LEFT(J12,1) -> L | L12: =RIGHT(J12, LEN(J12) - 1) -> 55 | M12: =IF($K12="L", MOD($M11-$L12, 100), MOD($M11+$L12, 100)) -> 0 | N12: =IF(K12="L", IF(M11=0,QUOTIENT(L12+100-M11,100)-1,QUOTIENT(L12+100-M11,100)), QUOTIENT(L12+M11,100)) -> 1 | P12: 1
A13: =LEFT(Input!A12,1) -> R | B13: =RIGHT(Input!A12, LEN(Input!A12) - 1) -> 30 | C13: =IF(A13="L", MOD(C12-B13, 100), MOD(C12+B13, 100)) -> 46 | D13: =IF($A13="L", MOD($D12-$B13, 100), MOD($D12+$B13, 100)) -> 46 | E13: =IF(A13="L", IF(D12=0,QUOTIENT(B13+100-D12,100)-1,QUOTIENT(B13+100-D12,100)), QUOTIENT(B13+D12,100)) -> 0 | J13: L1 | K13: =LEFT(J13,1) -> L | L13: =RIGHT(J13, LEN(J13) - 1) -> 1 | M13: =IF($K13="L", MOD($M12-$L13, 100), MOD($M12+$L13, 100)) -> 99 | N13: =IF(K13="L", IF(M12=0,QUOTIENT(L13+100-M12,100)-1,QUOTIENT(L13+100-M12,100)), QUOTIENT(L13+M12,100)) -> 0 | P13: 0
A14: =LEFT(Input!A13,1) -> R | B14: =RIGHT(Input!A13, LEN(Input!A13) - 1) -> 38 | C14: =IF(A14="L", MOD(C13-B14, 100), MOD(C13+B14, 100)) -> 84 | D14: =IF($A14="L", MOD($D13-$B14, 100), MOD($D13+$B14, 100)) -> 84 | E14: =IF(A14="L", IF(D13=0,QUOTIENT(B14+100-D13,100)-1,QUOTIENT(B14+100-D13,100)), QUOTIENT(B14+D13,100)) -> 0 | J14: L99 | K14: =LEFT(J14,1) -> L | L14: =RIGHT(J14, LEN(J14) - 1) -> 99 | M14: =IF($K14="L", MOD($M13-$L14, 100), MOD($M13+$L14, 100)) -> 0 | N14: =IF(K14="L", IF(M13=0,QUOTIENT(L14+100-M13,100)-1,QUOTIENT(L14+100-M13,100)), QUOTIENT(L14+M13,100)) -> 1 | P14: 1
A15: =LEFT(Input!A14,1) -> L | B15: =RIGHT(Input!A14, LEN(Input!A14) - 1) -> 10 | C15: =IF(A15="L", MOD(C14-B15, 100), MOD(C14+B15, 100)) -> 74 | D15: =IF($A15="L", MOD($D14-$B15, 100), MOD($D14+$B15, 100)) -> 74 | E15: =IF(A15="L", IF(D14=0,QUOTIENT(B15+100-D14,100)-1,QUOTIENT(B15+100-D14,100)), QUOTIENT(B15+D14,100)) -> 0 | J15: R14 | K15: =LEFT(J15,1) -> R | L15: =RIGHT(J15, LEN(J15) - 1) -> 14 | M15: =IF($K15="L", MOD($M14-$L15, 100), MOD($M14+$L15, 100)) -> 14 | N15: =IF(K15="L", IF(M14=0,QUOTIENT(L15+100-M14,100)-1,QUOTIENT(L15+100-M14,100)), QUOTIENT(L15+M14,100)) -> 0 | P15: 0
A16: =LEFT(Input!A15,1) -> L | B16: =RIGHT(Input!A15, LEN(Input!A15) - 1) -> 40 | C16: =IF(A16="L", MOD(C15-B16, 100), MOD(C15+B16, 100)) -> 34 | D16: =IF($A16="L", MOD($D15-$B16, 100), MOD($D15+$B16, 100)) -> 34 | E16: =IF(A16="L", IF(D15=0,QUOTIENT(B16+100-D15,100)-1,QUOTIENT(B16+100-D15,100)), QUOTIENT(B16+D15,100)) -> 0 | J16: L82 | K16: =LEFT(J16,1) -> L | L16: =RIGHT(J16, LEN(J16) - 1) -> 82 | M16: =IF($K16="L", MOD($M15-$L16, 100), MOD($M15+$L16, 100)) -> 32 | N16: =IF(K16="L", IF(M15=0,QUOTIENT(L16+100-M15,100)-1,QUOTIENT(L16+100-M15,100)), QUOTIENT(L16+M15,100)) -> 1 | P16: 1
A17: =LEFT(Input!A16,1) -> L | B17: =RIGHT(Input!A16, LEN(Input!A16) - 1) -> 8 | C17: =IF(A17="L", MOD(C16-B17, 100), MOD(C16+B17, 100)) -> 26 | D17: =IF($A17="L", MOD($D16-$B17, 100), MOD($D16+$B17, 100)) -> 26 | E17: =IF(A17="L", IF(D16=0,QUOTIENT(B17+100-D16,100)-1,QUOTIENT(B17+100-D16,100)), QUOTIENT(B17+D16,100)) -> 0 | N17: =SUM(N7:N16) -> 6 | P17: =SUM(P7:P16) -> 6
A18: =LEFT(Input!A17,1) -> L | B18: =RIGHT(Input!A17, LEN(Input!A17) - 1) -> 10 | C18: =IF(A18="L", MOD(C17-B18, 100), MOD(C17+B18, 100)) -> 16 | D18: =IF($A18="L", MOD($D17-$B18, 100), MOD($D17+$B18, 100)) -> 16 | E18: =IF(A18="L", IF(D17=0,QUOTIENT(B18+100-D17,100)-1,QUOTIENT(B18+100-D17,100)), QUOTIENT(B18+D17,100)) -> 0
A19: =LEFT(Input!A18,1) -> L | B19: =RIGHT(Input!A18, LEN(Input!A18) - 1) -> 27 | C19: =IF(A19="L", MOD(C18-B19, 100), MOD(C18+B19, 100)) -> 89 | D19: =IF($A19="L", MOD($D18-$B19, 100), MOD($D18+$B19, 100)) -> 89 | E19: =IF(A19="L", IF(D18=0,QUOTIENT(B19+100-D18,100)-1,QUOTIENT(B19+100-D18,100)), QUOTIENT(B19+D18,100)) -> 1
A20: =LEFT(Input!A19,1) -> L | B20: =RIGHT(Input!A19, LEN(Input!A19) - 1) -> 47 | C20: =IF(A20="L", MOD(C19-B20, 100), MOD(C19+B20, 100)) -> 42 | D20: =IF($A20="L", MOD($D19-$B20, 100), MOD($D19+$B20, 100)) -> 42 | E20: =IF(A20="L", IF(D19=0,QUOTIENT(B20+100-D19,100)-1,QUOTIENT(B20+100-D19,100)), QUOTIENT(B20+D19,100)) -> 0
A21: =LEFT(Input!A20,1) -> R | B21: =RIGHT(Input!A20, LEN(Input!A20) - 1) -> 31 | C21: =IF(A21="L", MOD(C20-B21, 100), MOD(C20+B21, 100)) -> 73 | D21: =IF($A21="L", MOD($D20-$B21, 100), MOD($D20+$B21, 100)) -> 73 | E21: =IF(A21="L", IF(D20=0,QUOTIENT(B21+100-D20,100)-1,QUOTIENT(B21+100-D20,100)), QUOTIENT(B21+D20,100)) -> 0
A22: =LEFT(Input!A21,1) -> R | B22: =RIGHT(Input!A21, LEN(Input!A21) - 1) -> 41 | C22: =IF(A22="L", MOD(C21-B22, 100), MOD(C21+B22, 100)) -> 14 | D22: =IF($A22="L", MOD($D21-$B22, 100), MOD($D21+$B22, 100)) -> 14 | E22: =IF(A22="L", IF(D21=0,QUOTIENT(B22+100-D21,100)-1,QUOTIENT(B22+100-D21,100)), QUOTIENT(B22+D21,100)) -> 1
A23: =LEFT(Input!A22,1) -> L | B23: =RIGHT(Input!A22, LEN(Input!A22) - 1) -> 21 | C23: =IF(A23="L", MOD(C22-B23, 100), MOD(C22+B23, 100)) -> 93 | D23: =IF($A23="L", MOD($D22-$B23, 100), MOD($D22+$B23, 100)) -> 93 | E23: =IF(A23="L", IF(D22=0,QUOTIENT(B23+100-D22,100)-1,QUOTIENT(B23+100-D22,100)), QUOTIENT(B23+D22,100)) -> 1
A24: =LEFT(Input!A23,1) -> R | B24: =RIGHT(Input!A23, LEN(Input!A23) - 1) -> 5 | C24: =IF(A24="L", MOD(C23-B24, 100), MOD(C23+B24, 100)) -> 98 | D24: =IF($A24="L", MOD($D23-$B24, 100), MOD($D23+$B24, 100)) -> 98 | E24: =IF(A24="L", IF(D23=0,QUOTIENT(B24+100-D23,100)-1,QUOTIENT(B24+100-D23,100)), QUOTIENT(B24+D23,100)) -> 0
A25: =LEFT(Input!A24,1) -> L | B25: =RIGHT(Input!A24, LEN(Input!A24) - 1) -> 38 | C25: =IF(A25="L", MOD(C24-B25, 100), MOD(C24+B25, 100)) -> 60 | D25: =IF($A25="L", MOD($D24-$B25, 100), MOD($D24+$B25, 100)) -> 60 | E25: =IF(A25="L", IF(D24=0,QUOTIENT(B25+100-D24,100)-1,QUOTIENT(B25+100-D24,100)), QUOTIENT(B25+D24,100)) -> 0
A26: =LEFT(Input!A25,1) -> R | B26: =RIGHT(Input!A25, LEN(Input!A25) - 1) -> 41 | C26: =IF(A26="L", MOD(C25-B26, 100), MOD(C25+B26, 100)) -> 1 | D26: =IF($A26="L", MOD($D25-$B26, 100), MOD($D25+$B26, 100)) -> 1 | E26: =IF(A26="L", IF(D25=0,QUOTIENT(B26+100-D25,100)-1,QUOTIENT(B26+100-D25,100)), QUOTIENT(B26+D25,100)) -> 1
A27: =LEFT(Input!A26,1) -> L | B27: =RIGHT(Input!A26, LEN(Input!A26) - 1) -> 35 | C27: =IF(A27="L", MOD(C26-B27, 100), MOD(C26+B27, 100)) -> 66 | D27: =IF($A27="L", MOD($D26-$B27, 100), MOD($D26+$B27, 100)) -> 66 | E27: =IF(A27="L", IF(D26=0,QUOTIENT(B27+100-D26,100)-1,QUOTIENT(B27+100-D26,100)), QUOTIENT(B27+D26,100)) -> 1
A28: =LEFT(Input!A27,1) -> R | B28: =RIGHT(Input!A27, LEN(Input!A27) - 1) -> 16 | C28: =IF(A28="L", MOD(C27-B28, 100), MOD(C27+B28, 100)) -> 82 | D28: =IF($A28="L", MOD($D27-$B28, 100), MOD($D27+$B28, 100)) -> 82 | E28: =IF(A28="L", IF(D27=0,QUOTIENT(B28+100-D27,100)-1,QUOTIENT(B28+100-D27,100)), QUOTIENT(B28+D27,100)) -> 0
A29: =LEFT(Input!A28,1) -> R | B29: =RIGHT(Input!A28, LEN(Input!A28) - 1) -> 44 | C29: =IF(A29="L", MOD(C28-B29, 100), MOD(C28+B29, 100)) -> 26 | D29: =IF($A29="L", MOD($D28-$B29, 100), MOD($D28+$B29, 100)) -> 26 | E29: =IF(A29="L", IF(D28=0,QUOTIENT(B29+100-D28,100)-1,QUOTIENT(B29+100-D28,100)), QUOTIENT(B29+D28,100)) -> 1
... A4413: =LEFT(Input!A4412,1) -> R | B4413: =RIGHT(Input!A4412, LEN(Input!A4412) - 1) -> 47 | C4413: =IF(A4413="L", MOD(C4412-B4413, 100), MOD(C4412+B4413, 100)) -> 51 | D4413: =IF($A4413="L", MOD($D4412-$B4413, 100), MOD($D4412+$B4413, 100)) -> 51 | E4413: =IF(A4413="L", IF(D4412=0,QUOTIENT(B4413+100-D4412,100)-1,QUOTIENT(B4413+100-D4412,100)), QUOTIENT(B4413+D4412,100)) -> 0

Sheet Input
A1: L44
A2: R35
A3: R4
A4: L40
A5: L13
A6: L7
A7: L33
A8: L8
A9: L44
A10: L39
A11: L45
A12: R30
... A4412: R47
